# Map	Minimum Y	Maximum Y
Acropolis	62	100
Aetius	68	94
Airshow	50	100
Amazon	53	93
Ambush	67	101
Antenna	63	89
Apollo	58	98
Aqil	65	90
Aquarium	65	110
Arcade	62	91
Archway	58	86
Arid	54	83
Artemis	67	96
Ashfire	66	120
Ashore	59	95
NEW Atlas Prime	72	96
Babylon	55	107
Bio-Hazard	62	96
Blossom	73	96
Boletum	60	86
Build Site	63	96
Carapace	60	95
Cascade	59	87
Casita	61	94
Catalyst	64	101
Chained	55	90
Chalk Cliffs	69	107
Cliffside	72	101
Crogorm	79	123
Crypt	45	95
Daolong	66	91
Deadwood	54	83
Deposit	56	81
Dockyard	62	97
Dragon Light	55	96
Dragonstar	65	100
Dreamgrove	85	115
Duye	67	95
Eastwood	52	100
NEW Echo Ruins	68	99
Enchanted	64	100
Extinction	64	95
Fang Outpost	67	100
Fort Doon	68	90
Frogiton	61	90
Gateway	88	128
Glacier	70	105
Graveship	84	123
Harvest	60	83
Harvesting	67	95
Haven	39	72
Highland Peaks	61	88
Hollow	60	88
Holmgang	61	97
Horizon	65	100
Impere	67	104
Infinite	67	88
Invasion	75	115
Ironclad	55	87
Jurassic	64	94
Katsu	67	96
Keep	34	62
Kubo	60	91
NEW Lasagne	61	90
Lectus	55	90
Lighthouse	60	110
Lightstone	53	96
Lost Temple	68	91
Lotus	62	89
Lucky Rush	58	84
NEW Manor Royale	66	94
Meso	64	95
Mirage	44	86
Mystery	62	92
Nebuc	73	106
Nostalgia	69	96
Obelisk	60	114
Orbit	57	96
Orchestra	67	106
Orchid	65	86
Paladin	63	98
NEW Pantheon	61	98
Paradox	59	84
Pavilion	68	97
Pernicious	55	90
Pharaoh	65	96
Planet 98	47	106
Playground	53	100
Polygon	67	93
Pool Party	66	86
Raze	61	88
Relic	61	90
Rigged	76	95
Rise	69	96
Rooftop	62	91
Rooted	67	95
Sanctum	60	91
Scorched Sands	55	92
Serenity	65	93
Seraph	67	94
NEW Shipment	67	101
NEW Shipwreck	19	59
Siege	80	108
Silver Birch	73	114
Sky Festival	64	94
Sky Rise	55	90
Slumber	66	94
Snails	65	91
Solace	64	100
Speedway	55	90
NEW Station	64	114
Steampunk	64	99
Stilted	57	80
Stonekeep	54	95
Swashbuckle	55	85
Temple	43	105
Tengshe	64	100
Terminal	58	88
Tigris	68	101
Toro	65	92
Treenan	47	120
Tuzi	61	92
Unturned	54	92
Urban Plaza	56	83
Usagi	64	96
Vigilante	63	88
Waterfall	58	100
Whiskers	66	87
Yue	73	101
Zarzul	88	115
Zen Plaza	57	83
Acropora	71	98
Beeeee	68	101
Boardwalk	67	92
Bucket Bay	65	91
Coastal (Eastwood)	52	90
Fruitbrawl	63	100
Gelato	58	80
Gone Fishing	61	87
Montipora	64	98
Retreat	56	84
Salmon Bay	66	90
Sandcastle (Enchanted)	58	102
Shark Attack	67	94
Symphonic (Orchestra)	67	106
Turtle Cove	68	98
